Book Title,Price (GBP),Price (USD)
A Light in the Attic,51.77,70.01
Tipping the Velvet,53.74,72.68
Soumission,50.1,67.75
Sharp Objects,47.82,64.67
Sapiens: A Brief History of Humankind,54.23,73.34
The Requiem Red,22.65,30.63
The Dirty Little Secrets of Getting Your Dream Job,33.34,45.09
"The Coming Woman: A Novel Based on the Life of the Infamous Feminist, Victoria Woodhull",17.93,24.25
The Boys in the Boat: Nine Americans and Their Epic Quest for Gold at the 1936 Berlin Olympics,22.6,30.56
The Black Maria,52.15,70.53
"Starving Hearts (Triangular Trade Trilogy, #1)",13.99,18.92
Shakespeare's Sonnets,20.66,27.94
Set Me Free,17.46,23.61
Scott Pilgrim's Precious Little Life (Scott Pilgrim #1),52.29,70.71
Rip it Up and Start Again,35.02,47.36
"Our Band Could Be Your Life: Scenes from the American Indie Underground, 1981-1991",57.25,77.42
Olio,23.88,32.29
Mesaerion: The Best Science Fiction Stories 1800-1849,37.59,50.84
Libertarianism for Beginners,51.33,69.42
It's Only the Himalayas,45.17,61.09
